{
  "gsm8k": {
    "accuracy": 0.624715693707354,
    "ci": [
      0.5981804397270659,
      0.6505117513267624
    ],
    "none_rate": 0.000758150113722517
  },
  "math500": {
    "accuracy": 0.276,
    "ci": [
      0.238,
      0.316
    ],
    "none_rate": 0.252
  }
}