{
  "sft_c2048_v500_s42": {
    "majority_voting": {
      "gsm8k": {
        "1": {
          "accuracy": 0.41470811220621684,
          "ci": [
            0.38817285822592873,
            0.44200151630022744
          ],
          "none_rate": 0.26383623957543595
        },
        "4": {
          "accuracy": 0.5921152388172858,
          "ci": [
            0.5655799848369977,
            0.6194086429112965
          ],
          "none_rate": 0.03184230477634572
        },
        "8": {
          "accuracy": 0.7043214556482184,
          "ci": [
            0.6800606520090978,
            0.7285822592873389
          ],
          "none_rate": 0.006065200909780136
        },
        "16": {
          "accuracy": 0.7626990144048522,
          "ci": [
            0.7391963608794542,
            0.7862016679302501
          ],
          "none_rate": 0.000758150113722517
        },
        "32": {
          "accuracy": 0.799090219863533,
          "ci": [
            0.77710386656558,
            0.8203184230477635
          ],
          "none_rate": 0.0
        }
      },
      "math500": {
        "1": {
          "accuracy": 0.234,
          "ci": [
            0.198,
            0.27
          ],
          "none_rate": 0.222
        },
        "4": {
          "accuracy": 0.322,
          "ci": [
            0.282,
            0.362
          ],
          "none_rate": 0.018
        },
        "8": {
          "accuracy": 0.414,
          "ci": [
            0.372,
            0.458
          ],
          "none_rate": 0.0
        },
        "16": {
          "accuracy": 0.466,
          "ci": [
            0.422,
            0.51
          ],
          "none_rate": 0.0
        },
        "32": {
          "accuracy": 0.492,
          "ci": [
            0.448,
            0.536
          ],
          "none_rate": 0.0
        }
      }
    },
    "best_of_n": {
      "gsm8k": {
        "1": {
          "accuracy": 0.41470811220621684,
          "ci": [
            0.38817285822592873,
            0.44200151630022744
          ]
        },
        "4": {
          "accuracy": 0.5951478392721758,
          "ci": [
            0.5686125852918877,
            0.621683093252464
          ]
        },
        "8": {
          "accuracy": 0.6641394996209249,
          "ci": [
            0.6383623957543594,
            0.6899166034874905
          ]
        },
        "16": {
          "accuracy": 0.7103866565579985,
          "ci": [
            0.686125852918878,
            0.734647460197119
          ]
        },
        "32": {
          "accuracy": 0.7467778620166793,
          "ci": [
            0.7232752084912812,
            0.7702805155420773
          ]
        }
      },
      "math500": {
        "1": {
          "accuracy": 0.234,
          "ci": [
            0.198,
            0.27
          ]
        },
        "4": {
          "accuracy": 0.332,
          "ci": [
            0.29,
            0.374
          ]
        },
        "8": {
          "accuracy": 0.378,
          "ci": [
            0.336,
            0.422
          ]
        },
        "16": {
          "accuracy": 0.404,
          "ci": [
            0.36,
            0.448
          ]
        },
        "32": {
          "accuracy": 0.43,
          "ci": [
            0.388,
            0.474
          ]
        }
      }
    },
    "weighted_voting": {
      "gsm8k": {
        "1": {
          "accuracy": 0.41470811220621684,
          "ci": [
            0.38817285822592873,
            0.44200151630022744
          ]
        },
        "4": {
          "accuracy": 0.6467020470053071,
          "ci": [
            0.620166793025019,
            0.6724791508718726
          ]
        },
        "8": {
          "accuracy": 0.7247915087187263,
          "ci": [
            0.7005307050796058,
            0.7482941622441244
          ]
        },
        "16": {
          "accuracy": 0.7710386656557998,
          "ci": [
            0.7482941622441244,
            0.7937831690674754
          ]
        },
        "32": {
          "accuracy": 0.8263836239575436,
          "ci": [
            0.8059135708870356,
            0.846095526914329
          ]
        }
      },
      "math500": {
        "1": {
          "accuracy": 0.234,
          "ci": [
            0.198,
            0.27
          ]
        },
        "4": {
          "accuracy": 0.36,
          "ci": [
            0.318,
            0.402
          ]
        },
        "8": {
          "accuracy": 0.412,
          "ci": [
            0.36995000000000045,
            0.456
          ]
        },
        "16": {
          "accuracy": 0.442,
          "ci": [
            0.398,
            0.486
          ]
        },
        "32": {
          "accuracy": 0.492,
          "ci": [
            0.448,
            0.538
          ]
        }
      }
    },
    "config": {
      "n_samples": 32,
      "temperature": 1,
      "seed": 42,
      "n_values": [
        1,
        4,
        8,
        16,
        32
      ],
      "max_tokens": {
        "gsm8k": 2048,
        "math500": 4096
      },
      "stop_tokens": [
        "<|im_end|>",
        "<|endoftext|>"
      ]
    },
    "model_config": {
      "type": "sft_lora",
      "base": "/content/drive/MyDrive/vkr_models/Qwen2.5-1.5B",
      "adapter": "/content/drive/MyDrive/vkr_models/sft/c2048_v500_s42"
    },
    "prm_model": "/content/drive/MyDrive/vkr_models/Qwen2.5-Math-PRM-7B"
  }
}