{
  "config": {
    "subset": "c2048_v500",
    "seed": 42,
    "lora_r": 64,
    "lr": 0.0002,
    "epochs": 3,
    "effective_batch": 16
  },
  "train": {
    "final_train_loss": 0.5171,
    "final_val_loss": 0.6782743334770203
  },
  "gsm8k": {
    "accuracy": 0.41470811220621684,
    "ci": [
      0.38817285822592873,
      0.44200151630022744
    ],
    "none_rate": 0.38362395754359363
  },
  "math500": {
    "accuracy": 0.264,
    "ci": [
      0.226,
      0.302
    ],
    "none_rate": 0.548
  }
}